seed,arm,step,evaluation_horizon,mean_bpc,std_bpc,se_bpc,ci_95_lower,ci_95_upper,n_sequences
42,ascending,2000,32,2.403583697974682,0.8943843040496782,0.15810630159508457,2.081123769911501,2.7260436260378627,32
42,ascending,2000,64,2.2439050562679768,0.9451063327129045,0.16707277420091102,1.9031578867584678,2.5846522257774858,32
42,ascending,2000,128,2.246649894863367,0.9365183944845663,0.16555462686149375,1.9089990072662106,2.5843007824605237,32
42,ascending,2000,256,2.2517999783158302,0.9410956563995017,0.16636378009632316,1.912498811816044,2.5911011448156165,32
42,ascending,2500,32,2.489265326410532,0.9620212144389337,0.17006293109377194,2.1424196917111984,2.8361109611098656,32
42,ascending,2500,64,2.3265912011265755,1.0519797005826639,0.18596549498814885,1.947312073532482,2.705870328720669,32
42,ascending,2500,128,2.3316915817558765,1.03934715645936,0.18373235558484224,1.9569669720025047,2.7064161915092484,32
42,ascending,2500,256,2.334930691868067,1.0375619373445755,0.18341677044935026,1.9608497222420136,2.70901166149412,32
42,descending,2000,32,2.3505693301558495,0.8006134796864877,0.14152980514891841,2.061917389488767,2.639221270822932,32
42,descending,2000,64,2.225216865539551,0.8554208332828057,0.15121846799562974,1.916804766718999,2.5336289643601027,32
42,descending,2000,128,2.2284124940633774,0.8583083681867437,0.1517289168735016,1.918959327892708,2.5378656602340466,32
42,descending,2000,256,2.8494524098932743,0.8326836974786428,0.147199072267659,2.549237922706307,3.1496668970802415,32
42,descending,2500,32,2.383475087583065,0.8823841313276051,0.15598495071828766,2.0653416831576363,2.7016084920084937,32
42,descending,2500,64,2.277098696678877,0.9838775877391122,0.17392662853694713,1.92237299909138,2.6318243942663737,32
42,descending,2500,128,2.2713709995150566,0.9636721065515012,0.17035477034572288,1.9239301547371828,2.6188118442929307,32
42,descending,2500,256,2.268595088273287,0.9595013685450977,0.16961748106400282,1.922657954899365,2.6145322216472087,32
42,nonmonotonic,2000,32,2.344886116683483,0.7997572081260536,0.14137843629218835,2.056542894835067,2.6332293385318994,32
42,nonmonotonic,2000,64,2.1717982329428196,0.8729678358066282,0.15432036911415284,1.8570597650816478,2.4865367008039914,32
42,nonmonotonic,2000,128,2.169670343399048,0.874043808895008,0.15451057608094473,1.8545439458715058,2.4847967409265896,32
42,nonmonotonic,2000,256,2.205100104212761,0.9071749849848703,0.16036739590140153,1.8780286439082763,2.5321715645172453,32
42,nonmonotonic,2500,32,2.4088074304163456,0.8373918675951906,0.14803136702175668,2.106895466887031,2.71071939394566,32
42,nonmonotonic,2500,64,2.2192086577415466,0.9138939287899913,0.16155514858315465,1.889714759871633,2.54870255561146,32
42,nonmonotonic,2500,128,2.210387244820595,0.9109776261744402,0.16103961424429258,1.8819447861668694,2.53882970347432,32
42,nonmonotonic,2500,256,2.209641233086586,0.9273394046738367,0.16393199537659145,1.875299724221434,2.543982741951738,32
43,ascending,2000,32,2.3239945620298386,0.7701596738257779,0.13614628198965678,2.0463223892350566,2.6016667348246205,32
43,ascending,2000,64,2.170548517256975,0.8443405444770149,0.14925973115760974,1.8661312885555172,2.4749657459584333,32
43,ascending,2000,128,2.1696281507611275,0.8473720893769385,0.1497956376466616,1.8641179335692373,2.4751383679530177,32
43,ascending,2000,256,2.164908032864332,0.8668174200851658,0.15323311894821223,1.852387026336193,2.4774290393924714,32
43,ascending,2500,32,2.3711308501660824,0.8472826176523287,0.14977982113086258,2.0656528909708394,2.6766088093613254,32
43,ascending,2500,64,2.2362435683608055,0.9149720821468124,0.16174574097059644,1.9063609547539238,2.5661261819676873,32
43,ascending,2500,128,2.237558737397194,0.9121566722237173,0.16124804210848634,1.9086911873118417,2.566426287482546,32
43,ascending,2500,256,2.2300587221980095,0.9215682197891205,0.16291178438472542,1.8977979473689297,2.5623194970270893,32
43,descending,2000,32,2.3153407983481884,0.8223277551291764,0.14536838300243785,2.0188600265338135,2.6118215701625633,32
43,descending,2000,64,2.1827902384102345,0.9226746418584396,0.16310737402174294,1.8501305558864816,2.5154499209339876,32
43,descending,2000,128,2.2060792334377766,0.9083188626711577,0.160569606818607,1.8785953612486432,2.53356310562691,32
43,descending,2000,256,2.898467492312193,0.7766699006542783,0.1372971383740306,2.618448132446609,3.1784868521777767,32
43,descending,2500,32,2.354479853063822,0.926248011573829,0.16373906251110254,2.020531833372086,2.6884278727555575,32
43,descending,2500,64,2.224093295633793,1.0197910743948857,0.18027529602453465,1.8564194053386616,2.591767185928924,32
43,descending,2500,128,2.2202289439737797,1.0184694777586167,0.18004166853865988,1.8530315400775377,2.5874263478700215,32
43,descending,2500,256,2.2278995290398598,1.0241343204864934,0.1810430807154691,1.8586597315436304,2.597139326536089,32
43,nonmonotonic,2000,32,2.37987844273448,0.7484812046563702,0.13231403385079887,2.110022191548826,2.649734693920134,32
43,nonmonotonic,2000,64,2.2153630033135414,0.8113042170769775,0.1434196783750934,1.9228566407896903,2.5078693658373927,32
43,nonmonotonic,2000,128,2.2072371877729893,0.8152568996789216,0.14411842054302157,1.9133057312020845,2.501168644343894,32
43,nonmonotonic,2000,256,2.232541874051094,0.8617233966812274,0.15233261432510029,1.9218574588103339,2.5432262892918542,32
43,nonmonotonic,2500,32,2.390303313732147,0.8211950761176473,0.14516815174994785,2.0942309162496144,2.68637571121468,32
43,nonmonotonic,2500,64,2.22072084620595,0.8804300325605002,0.15563951159595563,1.9032919695154287,2.538149722896471,32
43,nonmonotonic,2500,128,2.215628042817116,0.8803064453824218,0.1556176642630339,1.8982437240558565,2.533012361578375,32
43,nonmonotonic,2500,256,2.2171466387808323,0.9063534801650598,0.16022217299418517,1.8903713625483403,2.5439219150133243,32
44,ascending,2000,32,2.471493262797594,0.9342421720250175,0.16515224377733473,2.134663040911182,2.808323484684006,32
44,ascending,2000,64,2.31133484095335,1.029061824979987,0.18191414867588823,1.9403184886391207,2.6823511932675794,32
44,ascending,2000,128,2.3091084137558937,1.0244741457419733,0.18110315390111115,1.9397460961897794,2.678470731322008,32
44,ascending,2000,256,2.3061585873365402,1.0268169408049643,0.181517305470104,1.9359516020766188,2.6763655725964615,32
44,ascending,2500,32,2.4351837784051895,0.9209060802217109,0.16279473354017363,2.103161730347485,2.767205826462894,32
44,ascending,2500,64,2.3000651225447655,1.0373309363705148,0.1833759348605455,1.926067437651171,2.67406280743836,32
44,ascending,2500,128,2.295783083885908,1.0342001741580318,0.18282248906286316,1.9229141591385384,2.668652008633278,32
44,ascending,2500,256,2.284054607152939,1.0209394665228093,0.18047830498981365,1.9159666773433819,2.652142536962496,32
44,descending,2000,32,2.3331939801573753,0.801740954818598,0.141729116476802,2.044135541357055,2.6222524189576957,32
44,descending,2000,64,2.1904538944363594,0.9007608451895003,0.1592335254652054,1.8656949781329681,2.515212810739751,32
44,descending,2000,128,2.2134487442672253,0.8986690472049039,0.15886374433026026,1.8894440015607783,2.5374534869736722,32
44,descending,2000,256,3.2460565641522408,0.7931512040860017,0.14021064872887176,2.960095060741743,3.5320180675627384,32
44,descending,2500,32,2.371123604476452,0.8490728224743834,0.15009628762320953,2.0650002076147334,2.6772470013381704,32
44,descending,2500,64,2.190927654504776,0.9327321386615565,0.16488530506955443,1.8546418577022459,2.527213451307306,32
44,descending,2500,128,2.1916510425508022,0.9439778916347552,0.16687329211627883,1.8513107194352159,2.5319913656663884,32
44,descending,2500,256,2.2070491947233677,0.9667438082859763,0.17089777562728037,1.858500883372293,2.5555975060744425,32
44,nonmonotonic,2000,32,2.3371714614331722,0.7470000060787951,0.13205219246117705,2.0678492392824754,2.606493683583869,32
44,nonmonotonic,2000,64,2.1940235383808613,0.8215599021227636,0.1452326444854906,1.8978196070969942,2.4902274696647284,32
44,nonmonotonic,2000,128,2.1931193098425865,0.8396407955787671,0.1484289250786535,1.8903965213105076,2.4958420983746654,32
44,nonmonotonic,2000,256,2.2555412128567696,0.8249920947916117,0.1458393761631109,1.958099844158041,2.552982581555498,32
44,nonmonotonic,2500,32,2.3920491747558117,0.8002952473064221,0.14147354908043402,2.1035119690968442,2.680586380414779,32
44,nonmonotonic,2500,64,2.2132091782987118,0.8860980062252887,0.1566414772494453,1.893736779185071,2.5326815774123523,32
44,nonmonotonic,2500,128,2.212774682790041,0.8924088452265099,0.15775708651263032,1.89102698358321,2.534522381996872,32
44,nonmonotonic,2500,256,2.2257935367524624,0.9312945263849678,0.1646311687221812,1.8900260544476182,2.5615610190573066,32
