seed,arm,step,evaluation_horizon,mean_bpc
42,ascending,250,32,3.014708459377289
42,ascending,250,64,3.198082908987999
42,ascending,250,128,3.6875023394823074
42,ascending,250,256,4.0776378363370895
42,ascending,500,32,2.671508900821209
42,ascending,500,64,2.999388799071312
42,ascending,500,128,4.105424925684929
42,ascending,500,256,4.73301999270916
42,ascending,501,32,2.693319134414196
42,ascending,501,64,2.8420402631163597
42,ascending,501,128,3.576557755470276
42,ascending,501,256,4.1837050169706345
42,ascending,750,32,2.561572939157486
42,ascending,750,64,2.476617380976677
42,ascending,750,128,2.833840601146221
42,ascending,750,256,3.4351887851953506
42,ascending,1000,32,2.5028991028666496
42,ascending,1000,64,2.3913493528962135
42,ascending,1000,128,2.843563385307789
42,ascending,1000,256,3.5782268792390823
42,ascending,1001,32,2.495487332344055
42,ascending,1001,64,2.378094956278801
42,ascending,1001,128,2.713817849755287
42,ascending,1001,256,3.299655392765999
42,ascending,1250,32,2.440466172993183
42,ascending,1250,64,2.2925363406538963
42,ascending,1250,128,2.2847033217549324
42,ascending,1250,256,2.481679327785969
42,ascending,1500,32,2.4533958435058594
42,ascending,1500,64,2.338958203792572
42,ascending,1500,128,2.3298979699611664
42,ascending,1500,256,2.473496288061142
42,ascending,1501,32,2.4622013345360756
42,ascending,1501,64,2.34577576816082
42,ascending,1501,128,2.339271254837513
42,ascending,1501,256,2.463152654469013
42,ascending,1750,32,2.4382084533572197
42,ascending,1750,64,2.3091856464743614
42,ascending,1750,128,2.3099683970212936
42,ascending,1750,256,2.307145908474922
42,ascending,2000,32,2.4589049741625786
42,ascending,2000,64,2.2894489094614983
42,ascending,2000,128,2.2858698442578316
42,ascending,2000,256,2.2818221524357796
42,ascending,2001,32,2.4530563056468964
42,ascending,2001,64,2.283612534403801
42,ascending,2001,128,2.2801873236894608
42,ascending,2001,256,2.276293858885765
42,ascending,2010,32,2.4633761942386627
42,ascending,2010,64,2.295667141675949
42,ascending,2010,128,2.2892772406339645
42,ascending,2010,256,2.288472019135952
42,ascending,2050,32,2.4675430059432983
42,ascending,2050,64,2.2990707680583
42,ascending,2050,128,2.296342298388481
42,ascending,2050,256,2.302803874015808
42,ascending,2100,32,2.50898315012455
42,ascending,2100,64,2.3234898298978806
42,ascending,2100,128,2.322966270148754
42,ascending,2100,256,2.3262499272823334
42,ascending,2250,32,2.538631595671177
42,ascending,2250,64,2.3663891553878784
42,ascending,2250,128,2.357182204723358
42,ascending,2250,256,2.353221282362938
42,ascending,2500,32,2.581373982131481
42,ascending,2500,64,2.4114903435111046
42,ascending,2500,128,2.4045494198799133
42,ascending,2500,256,2.393408589065075
42,descending,250,32,3.101033538579941
42,descending,250,64,2.9782373756170273
42,descending,250,128,2.988769069314003
42,descending,250,256,3.004181668162346
42,descending,500,32,2.719435915350914
42,descending,500,64,2.5686020851135254
42,descending,500,128,2.552570030093193
42,descending,500,256,2.558309242129326
42,descending,501,32,2.718749262392521
42,descending,501,64,2.566816046833992
42,descending,501,128,2.549979880452156
42,descending,501,256,2.5528484135866165
42,descending,750,32,2.567765861749649
42,descending,750,64,2.4214214608073235
42,descending,750,128,2.4268008321523666
42,descending,750,256,2.4941431879997253
42,descending,1000,32,2.5543653815984726
42,descending,1000,64,2.3954943045973778
42,descending,1000,128,2.396390847861767
42,descending,1000,256,2.504722885787487
42,descending,1001,32,2.5529762730002403
42,descending,1001,64,2.3945921435952187
42,descending,1001,128,2.394772633910179
42,descending,1001,256,2.5024516582489014
42,descending,1250,32,2.4824030995368958
42,descending,1250,64,2.3404010236263275
42,descending,1250,128,2.349583648145199
42,descending,1250,256,2.7023970782756805
42,descending,1500,32,2.3992747142910957
42,descending,1500,64,2.273776188492775
42,descending,1500,128,2.2820268720388412
42,descending,1500,256,2.6491734832525253
42,descending,1501,32,2.399170845746994
42,descending,1501,64,2.2766871973872185
42,descending,1501,128,2.286162741482258
42,descending,1501,256,2.654561325907707
42,descending,1750,32,2.385545440018177
42,descending,1750,64,2.2475814297795296
42,descending,1750,128,2.286345325410366
42,descending,1750,256,2.875487744808197
42,descending,2000,32,2.4142124205827713
42,descending,2000,64,2.2971223294734955
42,descending,2000,128,2.301006682217121
42,descending,2000,256,2.9400670379400253
42,descending,2001,32,2.4109377190470695
42,descending,2001,64,2.2877051532268524
42,descending,2001,128,2.2876778095960617
42,descending,2001,256,2.821101985871792
42,descending,2010,32,2.373438410460949
42,descending,2010,64,2.243883579969406
42,descending,2010,128,2.2377333492040634
42,descending,2010,256,2.330412358045578
42,descending,2050,32,2.3870341405272484
42,descending,2050,64,2.26363842189312
42,descending,2050,128,2.247941702604294
42,descending,2050,256,2.262724034488201
42,descending,2100,32,2.397256001830101
42,descending,2100,64,2.293295696377754
42,descending,2100,128,2.2736135199666023
42,descending,2100,256,2.270050510764122
42,descending,2250,32,2.40019029378891
42,descending,2250,64,2.2817821204662323
42,descending,2250,128,2.2703793570399284
42,descending,2250,256,2.2737720012664795
42,descending,2500,32,2.406327597796917
42,descending,2500,64,2.3058597669005394
42,descending,2500,128,2.2878572940826416
42,descending,2500,256,2.2851612269878387
42,nonmonotonic,250,32,3.0432944297790527
42,nonmonotonic,250,64,2.9510547965765
42,nonmonotonic,250,128,3.1859550774097443
42,nonmonotonic,250,256,3.733705148100853
42,nonmonotonic,500,32,2.6808819100260735
42,nonmonotonic,500,64,2.5606352761387825
42,nonmonotonic,500,128,3.0773300528526306
42,nonmonotonic,500,256,3.8226876109838486
42,nonmonotonic,501,32,2.7220034301280975
42,nonmonotonic,501,64,2.597504697740078
42,nonmonotonic,501,128,2.9318103194236755
42,nonmonotonic,501,256,3.358438029885292
42,nonmonotonic,750,32,2.6608454883098602
42,nonmonotonic,750,64,2.5021489933133125
42,nonmonotonic,750,128,2.4993339106440544
42,nonmonotonic,750,256,2.507242612540722
42,nonmonotonic,1000,32,2.5599706023931503
42,nonmonotonic,1000,64,2.422506809234619
42,nonmonotonic,1000,128,2.4048332273960114
42,nonmonotonic,1000,256,2.4205585569143295
42,nonmonotonic,1001,32,2.5483283400535583
42,nonmonotonic,1001,64,2.417114794254303
42,nonmonotonic,1001,128,2.3983655869960785
42,nonmonotonic,1001,256,2.419580765068531
42,nonmonotonic,1250,32,2.4690337479114532
42,nonmonotonic,1250,64,2.3571875393390656
42,nonmonotonic,1250,128,2.3690455853939056
42,nonmonotonic,1250,256,2.4545937180519104
42,nonmonotonic,1500,32,2.4276666045188904
42,nonmonotonic,1500,64,2.301991730928421
42,nonmonotonic,1500,128,2.3450089395046234
42,nonmonotonic,1500,256,2.4872672110795975
42,nonmonotonic,1501,32,2.431627355515957
42,nonmonotonic,1501,64,2.302287347614765
42,nonmonotonic,1501,128,2.3303166404366493
42,nonmonotonic,1501,256,2.466814838349819
42,nonmonotonic,1750,32,2.420374885201454
42,nonmonotonic,1750,64,2.279673419892788
42,nonmonotonic,1750,128,2.277921386063099
42,nonmonotonic,1750,256,2.286481983959675
42,nonmonotonic,2000,32,2.453189082443714
42,nonmonotonic,2000,64,2.307593934237957
42,nonmonotonic,2000,128,2.301421456038952
42,nonmonotonic,2000,256,2.3119160011410713
42,nonmonotonic,2001,32,2.4535786360502243
42,nonmonotonic,2001,64,2.307369142770767
42,nonmonotonic,2001,128,2.3010192662477493
42,nonmonotonic,2001,256,2.3090613409876823
42,nonmonotonic,2010,32,2.473114863038063
42,nonmonotonic,2010,64,2.3237449675798416
42,nonmonotonic,2010,128,2.317040368914604
42,nonmonotonic,2010,256,2.316346652805805
42,nonmonotonic,2050,32,2.4702074229717255
42,nonmonotonic,2050,64,2.3035888746380806
42,nonmonotonic,2050,128,2.2976836934685707
42,nonmonotonic,2050,256,2.2962220162153244
42,nonmonotonic,2100,32,2.437997668981552
42,nonmonotonic,2100,64,2.296443283557892
42,nonmonotonic,2100,128,2.282575063407421
42,nonmonotonic,2100,256,2.2805654630064964
42,nonmonotonic,2250,32,2.4874508157372475
42,nonmonotonic,2250,64,2.311968944966793
42,nonmonotonic,2250,128,2.307264193892479
42,nonmonotonic,2250,256,2.3093776032328606
42,nonmonotonic,2500,32,2.5394806936383247
42,nonmonotonic,2500,64,2.3705708011984825
42,nonmonotonic,2500,128,2.3574077636003494
42,nonmonotonic,2500,256,2.359205685555935
43,ascending,250,32,2.9037362784147263
43,ascending,250,64,3.0423945784568787
43,ascending,250,128,3.5272902697324753
43,ascending,250,256,3.893792152404785
43,ascending,500,32,2.7266407161951065
43,ascending,500,64,2.956077054142952
43,ascending,500,128,3.8324811160564423
43,ascending,500,256,4.457492217421532
43,ascending,501,32,2.7385783940553665
43,ascending,501,64,2.830959089100361
43,ascending,501,128,3.6668879091739655
43,ascending,501,256,4.336345911026001
43,ascending,750,32,2.5634945929050446
43,ascending,750,64,2.442497342824936
43,ascending,750,128,3.1569675356149673
43,ascending,750,256,4.020721301436424
43,ascending,1000,32,2.4545612186193466
43,ascending,1000,64,2.349670819938183
43,ascending,1000,128,3.2873404175043106
43,ascending,1000,256,4.3030325919389725
43,ascending,1001,32,2.4502954334020615
43,ascending,1001,64,2.336345538496971
43,ascending,1001,128,3.0264987349510193
43,ascending,1001,256,3.835992768406868
43,ascending,1250,32,2.4703534841537476
43,ascending,1250,64,2.3417789041996
43,ascending,1250,128,2.3545517027378082
43,ascending,1250,256,2.5425856709480286
43,ascending,1500,32,2.4215679690241814
43,ascending,1500,64,2.28112206608057
43,ascending,1500,128,2.298288330435753
43,ascending,1500,256,2.4561242163181305
43,ascending,1501,32,2.425337478518486
43,ascending,1501,64,2.285305730998516
43,ascending,1501,128,2.301882967352867
43,ascending,1501,256,2.431978479027748
43,ascending,1750,32,2.4388278424739838
43,ascending,1750,64,2.259860686957836
43,ascending,1750,128,2.257398433983326
43,ascending,1750,256,2.2627330645918846
43,ascending,2000,32,2.362193889915943
43,ascending,2000,64,2.1993911787867546
43,ascending,2000,128,2.200274057686329
43,ascending,2000,256,2.1900689527392387
43,ascending,2001,32,2.361534558236599
43,ascending,2001,64,2.1992635801434517
43,ascending,2001,128,2.1991873532533646
43,ascending,2001,256,2.1898223310709
43,ascending,2010,32,2.3770647943019867
43,ascending,2010,64,2.197761692106724
43,ascending,2010,128,2.1939467266201973
43,ascending,2010,256,2.1855145916342735
43,ascending,2050,32,2.393457591533661
43,ascending,2050,64,2.2266601845622063
43,ascending,2050,128,2.221638321876526
43,ascending,2050,256,2.2222108393907547
43,ascending,2100,32,2.393018178641796
43,ascending,2100,64,2.209791712462902
43,ascending,2100,128,2.202650763094425
43,ascending,2100,256,2.197185732424259
43,ascending,2250,32,2.411126919090748
43,ascending,2250,64,2.257820837199688
43,ascending,2250,128,2.2509563714265823
43,ascending,2250,256,2.248531199991703
43,ascending,2500,32,2.4299608170986176
43,ascending,2500,64,2.28181591629982
43,ascending,2500,128,2.278803125023842
43,ascending,2500,256,2.2761535570025444
43,descending,250,32,3.075702413916588
43,descending,250,64,2.9447751343250275
43,descending,250,128,2.9608349055051804
43,descending,250,256,2.9858104288578033
43,descending,500,32,2.6489895656704903
43,descending,500,64,2.5598662197589874
43,descending,500,128,2.567492753267288
43,descending,500,256,2.5854414999485016
43,descending,501,32,2.644658900797367
43,descending,501,64,2.5553060173988342
43,descending,501,128,2.5617399513721466
43,descending,501,256,2.5775399580597878
43,descending,750,32,2.6012100651860237
43,descending,750,64,2.432002492249012
43,descending,750,128,2.429607592523098
43,descending,750,256,2.525905914604664
43,descending,1000,32,2.56530724465847
43,descending,1000,64,2.408645272254944
43,descending,1000,128,2.4109650999307632
43,descending,1000,256,2.5565664768218994
43,descending,1001,32,2.558894157409668
43,descending,1001,64,2.403518818318844
43,descending,1001,128,2.4039522260427475
43,descending,1001,256,2.5389409959316254
43,descending,1250,32,2.477628603577614
43,descending,1250,64,2.3298578038811684
43,descending,1250,128,2.342505030333996
43,descending,1250,256,2.6805836856365204
43,descending,1500,32,2.448666200041771
43,descending,1500,64,2.321043036878109
43,descending,1500,128,2.3235470578074455
43,descending,1500,256,2.710588477551937
43,descending,1501,32,2.450002647936344
43,descending,1501,64,2.323888160288334
43,descending,1501,128,2.3275996893644333
43,descending,1501,256,2.7212791964411736
43,descending,1750,32,2.407233200967312
43,descending,1750,64,2.306579574942589
43,descending,1750,128,2.3271977454423904
43,descending,1750,256,2.9081505984067917
43,descending,2000,32,2.414206624031067
43,descending,2000,64,2.291667513549328
43,descending,2000,128,2.3182844147086143
43,descending,2000,256,2.990538626909256
43,descending,2001,32,2.4053305834531784
43,descending,2001,64,2.280181124806404
43,descending,2001,128,2.3048582524061203
43,descending,2001,256,2.867466986179352
43,descending,2010,32,2.408468872308731
43,descending,2010,64,2.2713789269328117
43,descending,2010,128,2.2857794985175133
43,descending,2010,256,2.367497332394123
43,descending,2050,32,2.399628832936287
43,descending,2050,64,2.2561471685767174
43,descending,2050,128,2.2506969794631004
43,descending,2050,256,2.299787752330303
43,descending,2100,32,2.4043071269989014
43,descending,2100,64,2.2657317519187927
43,descending,2100,128,2.2623852267861366
43,descending,2100,256,2.310543231666088
43,descending,2250,32,2.4041998982429504
43,descending,2250,64,2.2895699590444565
43,descending,2250,128,2.279567211866379
43,descending,2250,256,2.3090466633439064
43,descending,2500,32,2.437625452876091
43,descending,2500,64,2.31762158870697
43,descending,2500,128,2.3086907118558884
43,descending,2500,256,2.330733112990856
43,nonmonotonic,250,32,2.9617959558963776
43,nonmonotonic,250,64,2.868425190448761
43,nonmonotonic,250,128,3.2116589695215225
43,nonmonotonic,250,256,3.614506170153618
43,nonmonotonic,500,32,2.6620564237236977
43,nonmonotonic,500,64,2.5398229733109474
43,nonmonotonic,500,128,3.428542882204056
43,nonmonotonic,500,256,4.022719964385033
43,nonmonotonic,501,32,2.7111606374382973
43,nonmonotonic,501,64,2.5824399888515472
43,nonmonotonic,501,128,3.17355440557003
43,nonmonotonic,501,256,3.6195733100175858
43,nonmonotonic,750,32,2.651447243988514
43,nonmonotonic,750,64,2.5054723918437958
43,nonmonotonic,750,128,2.504837930202484
43,nonmonotonic,750,256,2.4998634681105614
43,nonmonotonic,1000,32,2.493401639163494
43,nonmonotonic,1000,64,2.335246242582798
43,nonmonotonic,1000,128,2.332238771021366
43,nonmonotonic,1000,256,2.3355635553598404
43,nonmonotonic,1001,32,2.4978284388780594
43,nonmonotonic,1001,64,2.3574570566415787
43,nonmonotonic,1001,128,2.352193482220173
43,nonmonotonic,1001,256,2.3555588349699974
43,nonmonotonic,1250,32,2.4301533177495003
43,nonmonotonic,1250,64,2.343726798892021
43,nonmonotonic,1250,128,2.3709513768553734
43,nonmonotonic,1250,256,2.4318933486938477
43,nonmonotonic,1500,32,2.3626414388418198
43,nonmonotonic,1500,64,2.2765227630734444
43,nonmonotonic,1500,128,2.302658960223198
43,nonmonotonic,1500,256,2.4373367577791214
43,nonmonotonic,1501,32,2.3653879687190056
43,nonmonotonic,1501,64,2.2802064269781113
43,nonmonotonic,1501,128,2.29962295293808
43,nonmonotonic,1501,256,2.4266869574785233
43,nonmonotonic,1750,32,2.401830956339836
43,nonmonotonic,1750,64,2.2624112963676453
43,nonmonotonic,1750,128,2.258936792612076
43,nonmonotonic,1750,256,2.2755261063575745
43,nonmonotonic,2000,32,2.408505916595459
43,nonmonotonic,2000,64,2.2636137902736664
43,nonmonotonic,2000,128,2.259826920926571
43,nonmonotonic,2000,256,2.2908061891794205
43,nonmonotonic,2001,32,2.4057412818074226
43,nonmonotonic,2001,64,2.2606571689248085
43,nonmonotonic,2001,128,2.2563347592949867
43,nonmonotonic,2001,256,2.2855970337986946
43,nonmonotonic,2010,32,2.4013068452477455
43,nonmonotonic,2010,64,2.263726681470871
43,nonmonotonic,2010,128,2.262754298746586
43,nonmonotonic,2010,256,2.2761232629418373
43,nonmonotonic,2050,32,2.4357484504580498
43,nonmonotonic,2050,64,2.2859178632497787
43,nonmonotonic,2050,128,2.2789465710520744
43,nonmonotonic,2050,256,2.269216351211071
43,nonmonotonic,2100,32,2.418576240539551
43,nonmonotonic,2100,64,2.276556856930256
43,nonmonotonic,2100,128,2.271839678287506
43,nonmonotonic,2100,256,2.262985296547413
43,nonmonotonic,2250,32,2.4091271832585335
43,nonmonotonic,2250,64,2.281200833618641
43,nonmonotonic,2250,128,2.2778730019927025
43,nonmonotonic,2250,256,2.2851530238986015
43,nonmonotonic,2500,32,2.4240528643131256
43,nonmonotonic,2500,64,2.2983539029955864
43,nonmonotonic,2500,128,2.2981191724538803
43,nonmonotonic,2500,256,2.3059176579117775
44,ascending,250,32,3.0019773840904236
44,ascending,250,64,3.0861155539751053
44,ascending,250,128,3.5654929131269455
44,ascending,250,256,3.961027815937996
44,ascending,500,32,2.6522835940122604
44,ascending,500,64,2.9417686462402344
44,ascending,500,128,3.949341967701912
44,ascending,500,256,4.4653884917497635
44,ascending,501,32,2.6743147671222687
44,ascending,501,64,2.8213741183280945
44,ascending,501,128,3.5968329161405563
44,ascending,501,256,4.13074354827404
44,ascending,750,32,2.564101427793503
44,ascending,750,64,2.468753382563591
44,ascending,750,128,2.839781403541565
44,ascending,750,256,3.5762830823659897
44,ascending,1000,32,2.5356584638357162
44,ascending,1000,64,2.410284087061882
44,ascending,1000,128,2.8262291625142097
44,ascending,1000,256,3.677056774497032
44,ascending,1001,32,2.5269635766744614
44,ascending,1001,64,2.3951152488589287
44,ascending,1001,128,2.6762103140354156
44,ascending,1001,256,3.3706148117780685
44,ascending,1250,32,2.5181800425052643
44,ascending,1250,64,2.390677645802498
44,ascending,1250,128,2.4050529152154922
44,ascending,1250,256,2.553919978439808
44,ascending,1500,32,2.533440262079239
44,ascending,1500,64,2.3886624202132225
44,ascending,1500,128,2.3934103325009346
44,ascending,1500,256,2.5987503305077553
44,ascending,1501,32,2.5145598873496056
44,ascending,1501,64,2.370294876396656
44,ascending,1501,128,2.3744227215647697
44,ascending,1501,256,2.5388488322496414
44,ascending,1750,32,2.4604344591498375
44,ascending,1750,64,2.315273381769657
44,ascending,1750,128,2.3103222846984863
44,ascending,1750,256,2.30387394875288
44,ascending,2000,32,2.532049782574177
44,ascending,2000,64,2.3722629845142365
44,ascending,2000,128,2.3749960884451866
44,ascending,2000,256,2.37843170017004
44,ascending,2001,32,2.534313715994358
44,ascending,2001,64,2.3734031915664673
44,ascending,2001,128,2.3755987361073494
44,ascending,2001,256,2.3793168291449547
44,ascending,2010,32,2.5668331757187843
44,ascending,2010,64,2.4023473858833313
44,ascending,2010,128,2.402229093015194
44,ascending,2010,256,2.3998372852802277
44,ascending,2050,32,2.5798273161053658
44,ascending,2050,64,2.4093329459428787
44,ascending,2050,128,2.4097185134887695
44,ascending,2050,256,2.410116992890835
44,ascending,2100,32,2.566428527235985
44,ascending,2100,64,2.4037857055664062
44,ascending,2100,128,2.405685216188431
44,ascending,2100,256,2.4027543514966965
44,ascending,2250,32,2.5278236269950867
44,ascending,2250,64,2.356803499162197
44,ascending,2250,128,2.3589686676859856
44,ascending,2250,256,2.34987910091877
44,ascending,2500,32,2.5064423009753227
44,ascending,2500,64,2.3608861789107323
44,ascending,2500,128,2.3578682020306587
44,ascending,2500,256,2.3457686752080917
44,descending,250,32,3.145316496491432
44,descending,250,64,3.0018245726823807
44,descending,250,128,2.9864971041679382
44,descending,250,256,2.990301474928856
44,descending,500,32,2.817684546113014
44,descending,500,64,2.6453637927770615
44,descending,500,128,2.6427231952548027
44,descending,500,256,2.6430186480283737
44,descending,501,32,2.824258476495743
44,descending,501,64,2.6601066067814827
44,descending,501,128,2.656029462814331
44,descending,501,256,2.6574208438396454
44,descending,750,32,2.636084198951721
44,descending,750,64,2.5058431178331375
44,descending,750,128,2.5268616154789925
44,descending,750,256,2.59391101449728
44,descending,1000,32,2.551914483308792
44,descending,1000,64,2.3694021701812744
44,descending,1000,128,2.372274197638035
44,descending,1000,256,2.6716594249010086
44,descending,1001,32,2.5428650230169296
44,descending,1001,64,2.361767329275608
44,descending,1001,128,2.3666418120265007
44,descending,1001,256,2.678711600601673
44,descending,1250,32,2.4767628759145737
44,descending,1250,64,2.3359071239829063
44,descending,1250,128,2.3492684736847878
44,descending,1250,256,2.9556085765361786
44,descending,1500,32,2.4587214589118958
44,descending,1500,64,2.317608557641506
44,descending,1500,128,2.3325020000338554
44,descending,1500,256,3.132034510374069
44,descending,1501,32,2.46310892701149
44,descending,1501,64,2.3233386799693108
44,descending,1501,128,2.3411352783441544
44,descending,1501,256,3.1488700807094574
44,descending,1750,32,2.4496761560440063
44,descending,1750,64,2.320180155336857
44,descending,1750,128,2.3536900877952576
44,descending,1750,256,3.3635630309581757
44,descending,2000,32,2.4114005640149117
44,descending,2000,64,2.283163659274578
44,descending,2000,128,2.314952053129673
44,descending,2000,256,3.348843812942505
44,descending,2001,32,2.409914255142212
44,descending,2001,64,2.278447240591049
44,descending,2001,128,2.300228551030159
44,descending,2001,256,3.216549590229988
44,descending,2010,32,2.4257349967956543
44,descending,2010,64,2.305146709084511
44,descending,2010,128,2.3108108937740326
44,descending,2010,256,2.391756922006607
44,descending,2050,32,2.4480042904615402
44,descending,2050,64,2.301961727440357
44,descending,2050,128,2.302424378693104
44,descending,2050,256,2.331300586462021
44,descending,2100,32,2.4868040308356285
44,descending,2100,64,2.35169979929924
44,descending,2100,128,2.3518168181180954
44,descending,2100,256,2.3683343157172203
44,descending,2250,32,2.4696419835090637
44,descending,2250,64,2.307795748114586
44,descending,2250,128,2.306978926062584
44,descending,2250,256,2.3305356949567795
44,descending,2500,32,2.48108396679163
44,descending,2500,64,2.3159914165735245
44,descending,2500,128,2.3141081258654594
44,descending,2500,256,2.340956911444664
44,nonmonotonic,250,32,2.9948337078094482
44,nonmonotonic,250,64,2.8908696472644806
44,nonmonotonic,250,128,3.078983947634697
44,nonmonotonic,250,256,3.4440765380859375
44,nonmonotonic,500,32,2.7116413190960884
44,nonmonotonic,500,64,2.6337751671671867
44,nonmonotonic,500,128,3.3735240399837494
44,nonmonotonic,500,256,4.230391249060631
44,nonmonotonic,501,32,2.7795497849583626
44,nonmonotonic,501,64,2.69892680644989
44,nonmonotonic,501,128,3.1604049056768417
44,nonmonotonic,501,256,3.869402900338173
44,nonmonotonic,750,32,2.6024290695786476
44,nonmonotonic,750,64,2.455858327448368
44,nonmonotonic,750,128,2.460141532123089
44,nonmonotonic,750,256,2.479118511080742
44,nonmonotonic,1000,32,2.5599840506911278
44,nonmonotonic,1000,64,2.41783507168293
44,nonmonotonic,1000,128,2.421968251466751
44,nonmonotonic,1000,256,2.4442635625600815
44,nonmonotonic,1001,32,2.5608296170830727
44,nonmonotonic,1001,64,2.4200856015086174
44,nonmonotonic,1001,128,2.4237115532159805
44,nonmonotonic,1001,256,2.4447132349014282
44,nonmonotonic,1250,32,2.4677355736494064
44,nonmonotonic,1250,64,2.3706404864788055
44,nonmonotonic,1250,128,2.4087002873420715
44,nonmonotonic,1250,256,2.4759504050016403
44,nonmonotonic,1500,32,2.407441131770611
44,nonmonotonic,1500,64,2.296411007642746
44,nonmonotonic,1500,128,2.3771535381674767
44,nonmonotonic,1500,256,2.5492934584617615
44,nonmonotonic,1501,32,2.4021904915571213
44,nonmonotonic,1501,64,2.285470634698868
44,nonmonotonic,1501,128,2.3634577840566635
44,nonmonotonic,1501,256,2.5291081070899963
44,nonmonotonic,1750,32,2.4595735892653465
44,nonmonotonic,1750,64,2.322666682302952
44,nonmonotonic,1750,128,2.3260628655552864
44,nonmonotonic,1750,256,2.3894141390919685
44,nonmonotonic,2000,32,2.4115465357899666
44,nonmonotonic,2000,64,2.253672420978546
44,nonmonotonic,2000,128,2.2492499873042107
44,nonmonotonic,2000,256,2.3192707002162933
44,nonmonotonic,2001,32,2.405279278755188
44,nonmonotonic,2001,64,2.246192567050457
44,nonmonotonic,2001,128,2.2405436113476753
44,nonmonotonic,2001,256,2.3095680102705956
44,nonmonotonic,2010,32,2.393206000328064
44,nonmonotonic,2010,64,2.2240378856658936
44,nonmonotonic,2010,128,2.2159490063786507
44,nonmonotonic,2010,256,2.2720150351524353
44,nonmonotonic,2050,32,2.468617297708988
44,nonmonotonic,2050,64,2.3052195459604263
44,nonmonotonic,2050,128,2.299504689872265
44,nonmonotonic,2050,256,2.3244547843933105
44,nonmonotonic,2100,32,2.4586269706487656
44,nonmonotonic,2100,64,2.298142693936825
44,nonmonotonic,2100,128,2.290685422718525
44,nonmonotonic,2100,256,2.320596933364868
44,nonmonotonic,2250,32,2.4378331303596497
44,nonmonotonic,2250,64,2.2658290788531303
44,nonmonotonic,2250,128,2.2540163397789
44,nonmonotonic,2250,256,2.266828380525112
44,nonmonotonic,2500,32,2.4579184651374817
44,nonmonotonic,2500,64,2.2630976140499115
44,nonmonotonic,2500,128,2.249836102128029
44,nonmonotonic,2500,256,2.268477588891983
