seed,step,evaluation_horizon,contrast,bpc_descending,bpc_ascending,bpc_nonmonotonic,delta_descending_minus_ascending,delta_nonmonotonic_minus_ascending,delta_descending_minus_nonmonotonic
42,2000,32,descending_minus_ascending,2.3505693301558495,2.403583697974682,2.344886116683483,-0.0530143678188324,-0.05869758129119873,0.005683213472366333
42,2000,64,descending_minus_ascending,2.225216865539551,2.2439050562679768,2.1717982329428196,-0.01868819072842598,-0.07210682332515717,0.053418632596731186
42,2000,128,descending_minus_ascending,2.2284124940633774,2.246649894863367,2.169670343399048,-0.0182374007999897,-0.07697955146431923,0.05874215066432953
42,2000,256,descending_minus_ascending,2.8494524098932743,2.2517999783158302,2.205100104212761,0.5976524315774441,-0.046699874103069305,0.6443523056805134
42,2500,32,descending_minus_ascending,2.383475087583065,2.489265326410532,2.4088074304163456,-0.10579023882746696,-0.0804578959941864,-0.025332342833280563
42,2500,64,descending_minus_ascending,2.277098696678877,2.3265912011265755,2.2192086577415466,-0.04949250444769859,-0.10738254338502884,0.057890038937330246
42,2500,128,descending_minus_ascending,2.2713709995150566,2.3316915817558765,2.210387244820595,-0.06032058224081993,-0.12130433693528175,0.06098375469446182
42,2500,256,descending_minus_ascending,2.268595088273287,2.334930691868067,2.209641233086586,-0.06633560359477997,-0.1252894587814808,0.05895385518670082
43,2000,32,descending_minus_ascending,2.3153407983481884,2.3239945620298386,2.37987844273448,-0.008653763681650162,0.05588388070464134,-0.0645376443862915
43,2000,64,descending_minus_ascending,2.1827902384102345,2.170548517256975,2.2153630033135414,0.012241721153259277,0.04481448605656624,-0.03257276490330696
43,2000,128,descending_minus_ascending,2.2060792334377766,2.1696281507611275,2.2072371877729893,0.036451082676649094,0.0376090370118618,-0.0011579543352127075
43,2000,256,descending_minus_ascending,2.898467492312193,2.164908032864332,2.232541874051094,0.7335594594478607,0.06763384118676186,0.6659256182610989
43,2500,32,descending_minus_ascending,2.354479853063822,2.3711308501660824,2.390303313732147,-0.01665099710226059,0.019172463566064835,-0.035823460668325424
43,2500,64,descending_minus_ascending,2.224093295633793,2.2362435683608055,2.22072084620595,-0.012150272727012634,-0.015522722154855728,0.003372449427843094
43,2500,128,descending_minus_ascending,2.2202289439737797,2.237558737397194,2.215628042817116,-0.01732979342341423,-0.021930694580078125,0.004600901156663895
43,2500,256,descending_minus_ascending,2.2278995290398598,2.2300587221980095,2.2171466387808323,-0.0021591931581497192,-0.0129120834171772,0.010752890259027481
44,2000,32,descending_minus_ascending,2.3331939801573753,2.471493262797594,2.3371714614331722,-0.13829928264021873,-0.13432180136442184,-0.00397748127579689
44,2000,64,descending_minus_ascending,2.1904538944363594,2.31133484095335,2.1940235383808613,-0.12088094651699066,-0.11731130257248878,-0.003569643944501877
44,2000,128,descending_minus_ascending,2.2134487442672253,2.3091084137558937,2.1931193098425865,-0.09565966948866844,-0.11598910391330719,0.020329434424638748
44,2000,256,descending_minus_ascending,3.2460565641522408,2.3061585873365402,2.2555412128567696,0.9398979768157005,-0.05061737447977066,0.9905153512954712
44,2500,32,descending_minus_ascending,2.371123604476452,2.4351837784051895,2.3920491747558117,-0.06406017392873764,-0.04313460364937782,-0.020925570279359818
44,2500,64,descending_minus_ascending,2.190927654504776,2.3000651225447655,2.2132091782987118,-0.10913746803998947,-0.0868559442460537,-0.022281523793935776
44,2500,128,descending_minus_ascending,2.1916510425508022,2.295783083885908,2.212774682790041,-0.1041320413351059,-0.08300840109586716,-0.02112364023923874
44,2500,256,descending_minus_ascending,2.2070491947233677,2.284054607152939,2.2257935367524624,-0.07700541242957115,-0.058261070400476456,-0.018744342029094696
