seed,arm,transition,step_pre,step_post,evaluation_horizon,shock_bpc
42,ascending,500->501,500,501,32,0.02181023359298706
42,ascending,500->501,500,501,64,-0.15734853595495224
42,ascending,500->501,500,501,128,-0.528867170214653
42,ascending,500->501,500,501,256,-0.5493149757385254
42,descending,500->501,500,501,32,-0.0006866529583930969
42,descending,500->501,500,501,64,-0.0017860382795333862
42,descending,500->501,500,501,128,-0.0025901496410369873
42,descending,500->501,500,501,256,-0.005460828542709351
42,nonmonotonic,500->501,500,501,32,0.04112152010202408
42,nonmonotonic,500->501,500,501,64,0.03686942160129547
42,nonmonotonic,500->501,500,501,128,-0.14551973342895508
42,nonmonotonic,500->501,500,501,256,-0.4642495810985565
43,ascending,500->501,500,501,32,0.01193767786026001
43,ascending,500->501,500,501,64,-0.1251179650425911
43,ascending,500->501,500,501,128,-0.1655932068824768
43,ascending,500->501,500,501,256,-0.1211463063955307
43,descending,500->501,500,501,32,-0.004330664873123169
43,descending,500->501,500,501,64,-0.004560202360153198
43,descending,500->501,500,501,128,-0.0057528018951416016
43,descending,500->501,500,501,256,-0.007901541888713837
43,nonmonotonic,500->501,500,501,32,0.04910421371459961
43,nonmonotonic,500->501,500,501,64,0.04261701554059982
43,nonmonotonic,500->501,500,501,128,-0.2549884766340256
43,nonmonotonic,500->501,500,501,256,-0.4031466543674469
44,ascending,500->501,500,501,32,0.02203117311000824
44,ascending,500->501,500,501,64,-0.12039452791213989
44,ascending,500->501,500,501,128,-0.3525090515613556
44,ascending,500->501,500,501,256,-0.33464494347572327
44,descending,500->501,500,501,32,0.006573930382728577
44,descending,500->501,500,501,64,0.014742814004421234
44,descending,500->501,500,501,128,0.01330626755952835
44,descending,500->501,500,501,256,0.014402195811271667
44,nonmonotonic,500->501,500,501,32,0.06790846586227417
44,nonmonotonic,500->501,500,501,64,0.0651516392827034
44,nonmonotonic,500->501,500,501,128,-0.21311913430690765
44,nonmonotonic,500->501,500,501,256,-0.3609883487224579
42,ascending,1000->1001,1000,1001,32,-0.007411770522594452
42,ascending,1000->1001,1000,1001,64,-0.013254396617412567
42,ascending,1000->1001,1000,1001,128,-0.12974553555250168
42,ascending,1000->1001,1000,1001,256,-0.2785714864730835
42,descending,1000->1001,1000,1001,32,-0.0013891085982322693
42,descending,1000->1001,1000,1001,64,-0.0009021610021591187
42,descending,1000->1001,1000,1001,128,-0.001618213951587677
42,descending,1000->1001,1000,1001,256,-0.002271227538585663
42,nonmonotonic,1000->1001,1000,1001,32,-0.01164226233959198
42,nonmonotonic,1000->1001,1000,1001,64,-0.005392014980316162
42,nonmonotonic,1000->1001,1000,1001,128,-0.006467640399932861
42,nonmonotonic,1000->1001,1000,1001,256,-0.0009777918457984924
43,ascending,1000->1001,1000,1001,32,-0.004265785217285156
43,ascending,1000->1001,1000,1001,64,-0.0133252814412117
43,ascending,1000->1001,1000,1001,128,-0.2608416825532913
43,ascending,1000->1001,1000,1001,256,-0.4670398235321045
43,descending,1000->1001,1000,1001,32,-0.006413087248802185
43,descending,1000->1001,1000,1001,64,-0.005126453936100006
43,descending,1000->1001,1000,1001,128,-0.007012873888015747
43,descending,1000->1001,1000,1001,256,-0.017625480890274048
43,nonmonotonic,1000->1001,1000,1001,32,0.004426799714565277
43,nonmonotonic,1000->1001,1000,1001,64,0.02221081405878067
43,nonmonotonic,1000->1001,1000,1001,128,0.019954711198806763
43,nonmonotonic,1000->1001,1000,1001,256,0.019995279610157013
44,ascending,1000->1001,1000,1001,32,-0.008694887161254883
44,ascending,1000->1001,1000,1001,64,-0.015168838202953339
44,ascending,1000->1001,1000,1001,128,-0.1500188484787941
44,ascending,1000->1001,1000,1001,256,-0.3064419627189636
44,descending,1000->1001,1000,1001,32,-0.009049460291862488
44,descending,1000->1001,1000,1001,64,-0.007634840905666351
44,descending,1000->1001,1000,1001,128,-0.005632385611534119
44,descending,1000->1001,1000,1001,256,0.00705217570066452
44,nonmonotonic,1000->1001,1000,1001,32,0.0008455663919448853
44,nonmonotonic,1000->1001,1000,1001,64,0.0022505298256874084
44,nonmonotonic,1000->1001,1000,1001,128,0.0017433017492294312
44,nonmonotonic,1000->1001,1000,1001,256,0.0004496723413467407
42,ascending,1500->1501,1500,1501,32,0.008805491030216217
42,ascending,1500->1501,1500,1501,64,0.006817564368247986
42,ascending,1500->1501,1500,1501,128,0.009373284876346588
42,ascending,1500->1501,1500,1501,256,-0.010343633592128754
42,descending,1500->1501,1500,1501,32,-0.00010386854410171509
42,descending,1500->1501,1500,1501,64,0.002911008894443512
42,descending,1500->1501,1500,1501,128,0.0041358694434165955
42,descending,1500->1501,1500,1501,256,0.005387842655181885
42,nonmonotonic,1500->1501,1500,1501,32,0.003960750997066498
42,nonmonotonic,1500->1501,1500,1501,64,0.00029561668634414673
42,nonmonotonic,1500->1501,1500,1501,128,-0.01469229906797409
42,nonmonotonic,1500->1501,1500,1501,256,-0.02045237272977829
43,ascending,1500->1501,1500,1501,32,0.003769509494304657
43,ascending,1500->1501,1500,1501,64,0.004183664917945862
43,ascending,1500->1501,1500,1501,128,0.003594636917114258
43,ascending,1500->1501,1500,1501,256,-0.024145737290382385
43,descending,1500->1501,1500,1501,32,0.0013364478945732117
43,descending,1500->1501,1500,1501,64,0.0028451234102249146
43,descending,1500->1501,1500,1501,128,0.0040526315569877625
43,descending,1500->1501,1500,1501,256,0.01069071888923645
43,nonmonotonic,1500->1501,1500,1501,32,0.0027465298771858215
43,nonmonotonic,1500->1501,1500,1501,64,0.0036836639046669006
43,nonmonotonic,1500->1501,1500,1501,128,-0.003036007285118103
43,nonmonotonic,1500->1501,1500,1501,256,-0.010649800300598145
44,ascending,1500->1501,1500,1501,32,-0.01888037472963333
44,ascending,1500->1501,1500,1501,64,-0.018367543816566467
44,ascending,1500->1501,1500,1501,128,-0.018987610936164856
44,ascending,1500->1501,1500,1501,256,-0.05990149825811386
44,descending,1500->1501,1500,1501,32,0.004387468099594116
44,descending,1500->1501,1500,1501,64,0.005730122327804565
44,descending,1500->1501,1500,1501,128,0.00863327831029892
44,descending,1500->1501,1500,1501,256,0.016835570335388184
44,nonmonotonic,1500->1501,1500,1501,32,-0.0052506402134895325
44,nonmonotonic,1500->1501,1500,1501,64,-0.010940372943878174
44,nonmonotonic,1500->1501,1500,1501,128,-0.013695754110813141
44,nonmonotonic,1500->1501,1500,1501,256,-0.020185351371765137
42,ascending,2000->2001,2000,2001,32,-0.0058486685156822205
42,ascending,2000->2001,2000,2001,64,-0.005836375057697296
42,ascending,2000->2001,2000,2001,128,-0.005682520568370819
42,ascending,2000->2001,2000,2001,256,-0.005528293550014496
42,descending,2000->2001,2000,2001,32,-0.0032747015357017517
42,descending,2000->2001,2000,2001,64,-0.009417176246643066
42,descending,2000->2001,2000,2001,128,-0.013328872621059418
42,descending,2000->2001,2000,2001,256,-0.11896505206823349
42,nonmonotonic,2000->2001,2000,2001,32,0.00038955360651016235
42,nonmonotonic,2000->2001,2000,2001,64,-0.00022479146718978882
42,nonmonotonic,2000->2001,2000,2001,128,-0.00040218979120254517
42,nonmonotonic,2000->2001,2000,2001,256,-0.002854660153388977
43,ascending,2000->2001,2000,2001,32,-0.0006593316793441772
43,ascending,2000->2001,2000,2001,64,-0.00012759864330291748
43,ascending,2000->2001,2000,2001,128,-0.001086704432964325
43,ascending,2000->2001,2000,2001,256,-0.00024662166833877563
43,descending,2000->2001,2000,2001,32,-0.008876040577888489
43,descending,2000->2001,2000,2001,64,-0.011486388742923737
43,descending,2000->2001,2000,2001,128,-0.013426162302494049
43,descending,2000->2001,2000,2001,256,-0.12307164072990417
43,nonmonotonic,2000->2001,2000,2001,32,-0.0027646347880363464
43,nonmonotonic,2000->2001,2000,2001,64,-0.0029566213488578796
43,nonmonotonic,2000->2001,2000,2001,128,-0.0034921616315841675
43,nonmonotonic,2000->2001,2000,2001,256,-0.005209155380725861
44,ascending,2000->2001,2000,2001,32,0.0022639334201812744
44,ascending,2000->2001,2000,2001,64,0.001140207052230835
44,ascending,2000->2001,2000,2001,128,0.0006026476621627808
44,ascending,2000->2001,2000,2001,256,0.0008851289749145508
44,descending,2000->2001,2000,2001,32,-0.0014863088726997375
44,descending,2000->2001,2000,2001,64,-0.0047164186835289
44,descending,2000->2001,2000,2001,128,-0.014723502099514008
44,descending,2000->2001,2000,2001,256,-0.13229422271251678
44,nonmonotonic,2000->2001,2000,2001,32,-0.006267257034778595
44,nonmonotonic,2000->2001,2000,2001,64,-0.007479853928089142
44,nonmonotonic,2000->2001,2000,2001,128,-0.00870637595653534
44,nonmonotonic,2000->2001,2000,2001,256,-0.009702689945697784
